<Ui xmlns="http://www.blizzard.com/wow/ui/"
	xmlns:xsi="http://www.w3.org/2001/XMLSchema-instance"
	xsi:schemaLocation="http://www.blizzard.com/wow/ui/FrameXML/UI.xsd">

	<Script file="AceGUIMoneyFrame.lua"/>
	
	<Frame name="AceGUIMoneyFrameTemplate" virtual="true">
		<Frames>
              	<Button name="$parentGoldButton" inherits="AceGUIButtonTemplate">
              		<NormalTexture name="$parentNormalTexture" file="Interface\MoneyFrame\UI-MoneyIcons">
					<TexCoords left="0" right="0.25" top="0" bottom="1"/>
				</NormalTexture>
			</Button>
                     <Button name="$parentSilverButton" inherits="AceGUIButtonTemplate">
              		<NormalTexture name="$parentNormalTexture" file="Interface\MoneyFrame\UI-MoneyIcons">
					<TexCoords left="0" right="0.25" top="0" bottom="1"/>
				</NormalTexture>
			</Button>
			<Button name="$parentCopperButton" inherits="AceGUIButtonTemplate">
              		<NormalTexture name="$parentNormalTexture" file="Interface\MoneyFrame\UI-MoneyIcons">
					<TexCoords left="0" right="0.25" top="0" bottom="1"/>
				</NormalTexture>
			</Button>
              </Frames>
	</Frame>

</Ui>